{
	"system" : {
		"platform" : "windows64",
		"os_name" : "Windows 10",
		"os_version" : "10.0"
	},
	"error" : {
		"executable" : "quartus",
		"comment" : "not_applicable",
		"error_message" : "family < DEV_FAMILY_GENERIC",
		"source_file" : "/quartus/ddb/dev/dev_family_manager.cpp",
		"line" : "495",
		"stack_trace" : "\t0x7ffc484f3370: DDB_DEV + 0x43370 (DEV_FAMILY_MANAGER::test_trait_of + 0x18af0)\n\t0x7ffc4e300717: SYS_QUI + 0x60717 (?project_supports_hyperflex_retimer@QUI_TOOLS_MENU@@AEBA_NXZ + 0x67)\n\t0x7ffc4e2fdc7b: SYS_QUI + 0x5dc7b (?enable_tools_actions@QUI_TOOLS_MENU@@UEAAX_N00@Z + 0x30b)\n\t 0x5fcad700: QtCore4 + 0x11d700 (?activate@QMetaObject@@SAXPEAVQObject@@PEBU1@HPEAPEAX@Z + 0x520)\n\t 0x6023f6b5: QtGui4 + 0x3bf6b5 (?popup@QMenu@@QEAAXAEBVQPoint@@PEAVQAction@@@Z + 0x135)\n\t 0x60247356: QtGui4 + 0x3c7356 (?paintEvent@QMenuBar@@MEAAXPEAVQPaintEvent@@@Z + 0xa46)\n\t 0x6024780d: QtGui4 + 0x3c780d (?setCornerWidget@QMenuBar@@QEAAXPEAVQWidget@@W4Corner@Qt@@@Z + 0x24d)\n\t 0x6024682c: QtGui4 + 0x3c682c (?mousePressEvent@QMenuBar@@MEAAXPEAVQMouseEvent@@@Z + 0x10c)\n\t 0x5fee1b70: QtGui4 + 0x61b70 (?event@QWidget@@MEAA_NPEAVQEvent@@@Z + 0xc0)\n\t 0x602448d5: QtGui4 + 0x3c48d5 (?event@QMenuBar@@MEAA_NPEAVQEvent@@@Z + 0x235)\n\t 0x5fea2c55: QtGui4 + 0x22c55 (?notify_helper@QApplicationPrivate@@QEAA_NPEAVQObject@@PEAVQEvent@@@Z + 0xf5)\n\t 0x5fea184e: QtGui4 + 0x2184e (?notify@QApplication@@UEAA_NPEAVQObject@@PEAVQEvent@@@Z + 0x71e)\n\t 0x5fc9ec4b: QtCore4 + 0x10ec4b (?notifyInternal@QCoreApplication@@AEAA_NPEAVQObject@@PEAVQEvent@@@Z + 0x7b)\n\t 0x5fea5a9e: QtGui4 + 0x25a9e (?sendMouseEvent@QApplicationPrivate@@SA_NPEAVQWidget@@PEAVQMouseEvent@@00PEAPEAV2@AEAV?$QPointer@VQWidget@@@@_N@Z + 0x1de)\n\t 0x5ff06940: QtGui4 + 0x86940 (?trUtf8@QScrollBar@@SA?AVQString@@PEBD0H@Z + 0x1440)\n\t 0x5ff0a301: QtGui4 + 0x8a301 (?winMouseButtonUp@QApplication@@SAXXZ + 0x2761)\n\t0x7ffc8f2ce857: USER32 + 0xe857 (CallWindowProcW + 0x3f7)\n\t0x7ffc8f2ce298: USER32 + 0xe298 (DispatchMessageW + 0x258)\n\t 0x5fcc3982: QtCore4 + 0x133982 (?processEvents@QEventDispatcherWin32@@UEAA_NV?$QFlags@W4ProcessEventsFlag@QEventLoop@@@@@Z + 0x3e2)\n\t 0x5ff02004: QtGui4 + 0x82004 (?openPopup@QApplicationPrivate@@QEAAXPEAVQWidget@@@Z + 0x204)\n\t 0x5fc9bb7b: QtCore4 + 0x10bb7b (?exec@QEventLoop@@QEAAHV?$QFlags@W4ProcessEventsFlag@QEventLoop@@@@@Z + 0x22b)\n\t 0x5fc9e18f: QtCore4 + 0x10e18f (?exec@QCoreApplication@@SAHXZ + 0xdf)\n\t0x7ff6a18e198b: quartus + 0x198b (?qgq_main@@YAHHPEAPEBD@Z + 0x8b)\n\t0x7ffc705733a8: CCL_MSG + 0x133a8 (?msg_main_thread@@YAPEAXPEAX@Z + 0x18)\n\t0x7ffc70574bae: CCL_MSG + 0x14bae (?msg_thread_wrapper@@YAPEAXP6APEAXPEAX@Z0@Z + 0x6e)\n\t0x7ffc70926af0: ccl_mem + 0x16af0 (?mem_thread_wrapper@@YAPEAXP6APEAXPEAX@Z0@Z + 0x70)\n\t0x7ffc70572c41: CCL_MSG + 0x12c41 (?msg_exe_main@@YAHHPEAPEBDP6AHH0@Z@Z + 0xa1)\n\t0x7ff6a18e2777: quartus + 0x2777 (WinMain + 0x127)\n\t0x7ff6a18e1f40: quartus + 0x1f40 (__tmainCRTStartup + 0x148)\n\t0x7ffc8f987343: KERNEL32 + 0x17343 (BaseThreadInitThunk + 0x13)\n\t0x7ffc8fbc26b0: ntdll + 0x526b0 (RtlUserThreadStart + 0x20)\n",
		"subsystem" : "DEV"
	},
	"quartus" : {
		"quartus_bits" : "64",
		"version" : "19.1.0",
		"build" : "670",
		"edition" : "Lite Edition"
	}
}